N,Tree,Avg_Node_Visits,Build_Time(s)
500,R-tree,23.65,0.01347804069519043
500,R*-tree,21.02,0.031964778900146484
1000,R-tree,35.36,0.03270077705383301
1000,R*-tree,31.85,0.0786278247833252
2000,R-tree,55.74,0.07682418823242188
2000,R*-tree,50.92,0.18092584609985352
5000,R-tree,114.52,0.23193097114562988
5000,R*-tree,113.04,0.5634188652038574
